{
  "confirmNewChart": "Êtes-vous sûr de vouloir abandonner le graphe actuel et recommencer?",

  "previewChart": "Aperçu",
  "newChart": "Nouveau",
  "saveProject": "Enregistrer le projet",
  "loadProject": "Ouvir un projet",

  "exportPNG": "Exporter en PNG",
  "exportJPEG": "Exporter en JPEG",
  "exportSVG": "Exporter en SVG",
  "exportPDF": "Exporter en PDF",

  "loadCloud": "Ouvrir depuis le Cloud",
  "saveCloud": "Enregistrer sur le Cloud",

  "help": "Aide",
  "licenseInfo": "Informations sur la licence",

  "stepDone": "Terminé",
  "stepStart": "Début",
  "stepImport": "Importer",
  "stepTemplates": "Modèles",
  "stepCustomize": "Personnaliser",
  "stepExport": "Exporter",
  "stepData": "Données",

  "doneCaption": "Fermer et générer le graphe",

  "dgDeleteRow": "Êtes-vous sûr de vouloir supprimer les lignes sélectionnées?",
  "dgWithSelected": "Avec sélection:",
  "dgImportBtn": "IMPORTER",
  "dgExportBtn": "EXPORTER LES DONNÉES",
  "dgNewBtn": "SUPRIMER LES DONNÉES",
  "dgAddRow": "AJOUTER UNE RANGÉE",
  "dgDataImported": "Données importées",
  "dgDataImporting": "Importer les données",
  "dgNewCol": "Nouvelle colonne",
  "dgSortAsc": "Trier par ordre croissant",
  "dgSortDec": "Trier par ordre décroissant",
  "dgSortAscMonth": "Trier par mois par ordre croissant",
  "dgSortDecMonth": "Trier par mois Noms décroissant",
  "dgDelCol": "Supprimer la colonne",
  "dgDelColConfirm": "Êtes-vous sûr de vouloir supprimer la colonne?",
  "dgInsColBefore": "Insérer une colonne avant",
  "dgInsColAfter": "Insérer une colonne après",

  "customizeSimple": "SIMPLE",
  "customizeAdvanced": "AVANCÉ",
  "customizeCustomCode": "CODE PERSONNALISÉ",
  "customizePreview": "APERÇU DES OPTIONS",

  "option.cat.title": "Titres",
  "option.subcat.titles": "Titres principaux",
  "option.cat.general": "Général",
  "option.subcat.size": "Taille du graphe",
  "option.subcat.interaction": "Interaction du graphe",
  "option.cat.appearance": "Apparence",
  "option.subcat.fonts": "Les polices",
  "option.subcat.titlestyle": "Titre du titre",
  "option.subcat.seriescolors": "Couleurs de la série",
  "option.subcat.chartarea": "Zone de graphe",
  "option.subcat.plotarea": "Surface de la zone",
  "option.cat.axes": "Les axes",
  "option.subcat.axessetup": "Configuration des axes",
  "option.subcat.xaxis": "Axe X",
  "option.subcat.yaxis": "Axe Y",
  "option.cat.series": "Série de données",
  "option.cat.labels": "Étiquettes de valeur",
  "option.subcat.labels": "Étiquettes de valeur",
  "option.cat.legend": "Légende",
  "option.subcat.general": "Général",
  "option.subcat.placement": "Placement",
  "option.subcat.legendappearance": "Apparence",
  "option.cat.tooltip": "Info-bulle",
  "option.subcat.colorborder": "Couleur et bordure",
  "option.cat.exporting": "Exportation",
  "option.cat.localization": "Localisation",
  "option.subcat.numberformat": "Mise en forme numérique",
  "option.subcat.exportbutton": "Bouton et menu d'exportation",
  "option.subcat.zoombutton": "Bouton de zoom",
  "option.cat.credits": "Crédits",

  "option.series.label": "Étiquettes de série",
  "option.text.series.label.enabled": "Étiquette de la série",
  "option.tooltip.series.label.enabled": "Activer ou désactiver l'étiquette de la série. Les étiquettes de série sont placées aussi près que possible de la série de manière naturelle, en cherchant à éviter les autres séries. Le but de cette fonctionnalité est de rendre le graphe plus facile à lire, comme si un concepteur humain plaçait les étiquettes dans la position optimale.",
  "option.text.series.label.style": "Style d'étiquette de la série",
  "options.tooltip.series.label.style": "",

  "option.text.title.text": "Titre du graphe",
  "option.tooltip.title.text": "Le titre de la carte principale.",
  "option.text.subtitle.text": "Sous-titre de graphe",
  "option.tooltip.subtitle.text": "Le sous-titre du graphe, normalement affiché avec des polices plus petites sous le titre principal.",
  "option.text.yAxis.title.text": "Titre de l'axe des Y",
  "option.tooltip.yAxis.title.text": "Le titre de l’axe Y, normalement affiché verticalement le long de l’axe Y.",
  "option.text.chart.width": "Largeur de la carte",
  "option.tooltip.chart.width": "Une largeur explicite pour le graphe. Par défaut (lorsque <code> null </ code>), la largeur est calculée à partir de la largeur de décalage de l'élément contenant.",
  "option.text.chart.height": "Hauteur de la carte",
  "option.tooltip.chart.height": "Une hauteur explicite pour le graphe. Par défaut (lorsque <code> null </ code>), la hauteur est calculée à partir de la hauteur de décalage de l'élément contenant ou de 400 pixels si la hauteur de l'élément contenant est 0.",
  "option.text.chart.zoomType": "Autoriser le zoom",
  "option.tooltip.chart.zoomType": "Décide dans quelles dimensions l'utilisateur peut zoomer en faisant glisser la souris. Peut être l’un des <code> x </ code>, <code> y </ code> ou <code> xy </ code>.",
  "option.text.chart.polar": "Projection polaire (radar)",
  "option.tooltip.chart.polar": "Lorsque la valeur est true, les graphes cartésiens tels que les courbes, les splines, les aires et les colonnes sont transformés en système de coordonnées polaires. Nécessite <code> highcharts-more.js </ code>.",
  "option.text.chart.style": "Nom de la police",
  "option.tooltip.chart.style": "La police à utiliser dans tout le graphe",
  "option.text.title.style": "Style du titre principal",
  "option.tooltip.title.style": "Style pour le titre du graphe principal",
  "option.text.subtitle.style": "Style sous-titre",
  "option.tooltip.subtitle.style": "Style pour le sous-titre du graphe, affiché normalement avec des polices plus petites sous le titre principal",
  "option.text.colors": "Couleurs",
  "option.tooltip.colors": "Couleurs par défaut pour la série de données ou pour des points individuels d'une série de camemberts ou d'une série de colonnes avec des couleurs individuelles. Les couleurs seront choisies successivement. Si une couleur est explicitement définie pour chaque série dans la vue <em> Série de données </ em>, cette couleur est prioritaire.",
  "option.text.chart.backgroundColor": "Couleur de fond",
  "option.tooltip.chart.backgroundColor": "Couleur d'arrière-plan pour toute la zone de la carte",
  "option.text.chart.borderWidth": "Largeur de la bordure",
  "option.tooltip.chart.borderWidth": "La largeur en pixels de la bordure de graphe externe.",
  "option.text.chart.borderRadius": "Rayon de coin",
  "option.tooltip.chart.borderRadius": "Rayon d'angle de la bordure externe de la carte.",
  "option.text.chart.borderColor": "Couleur de la bordure",
  "option.tooltip.chart.borderColor": "La couleur de la bordure externe de la carte.",
  "option.text.chart.plotBackgroundColor": "Couleur de fond",
  "option.tooltip.chart.plotBackgroundColor": "Couleur de fond pour la zone de tracé, la zone à l'intérieur des axes",
  "option.text.chart.plotBackgroundImage": "URL de l'image de fond",
  "option.tooltip.chart.plotBackgroundImage": "L'URL en ligne pour une image à utiliser comme arrière-plan de la zone de tracé",
  "option.text.chart.plotBorderWidth": "Largeur de la bordure",
  "option.tooltip.chart.plotBorderWidth": "La largeur en pixels de la bordure de la zone de tracé.",
  "option.text.chart.plotBorderColor": "Couleur de la bordure",
  "option.tooltip.chart.plotBorderColor": "La couleur du graphe intérieur ou de la bordure de la zone de tracé.",
  "option.text.chart.inverted": "Axes inversés",
  "option.tooltip.chart.inverted": "<p> Indique si les axes doivent être inversés de sorte que l’axe des x soit vertical et l’axe des y horizontal. Lorsque la valeur est true, l’axe x est <a href=\"#xAxis.reversed\"> inversé </a> par défaut. Si une série de barres est présente dans le graphique, elle sera automatiquement inversée. </p>\r\n\r\n <p> L'inversion du graphique n'a pas d'effet s'il n'y a pas de série cartésienne dans le graphique, ou si le graphique est <a href=\"#chart.polar\"> polaire </a>. </ p>",
  "option.text.xAxis.title.style": "Titre de l'axe X",
  "option.tooltip.xAxis.title.style": "Style et texte pour le titre de l'axe X",
  "option.text.xAxis.title.text": "Texte",
  "option.tooltip.xAxis.title.text": "Le texte actuel du titre de l'axe. Il peut contenir des balises HTML de base, telles que & lt; b & gt ;, & lt; i & gt; et s'étend avec style.",
  "option.text.xAxis.type": "Type",
  "option.tooltip.xAxis.type": "Le type d'axe",
  "option.text.xAxis.opposite": "Face opposée du graphe",
  "option.tooltip.xAxis.opposite": "Indique si l’axe doit être affiché du côté opposé à la normale. La normale est du côté gauche pour les axes verticaux et du bas pour les axes horizontaux, les côtés opposés seront donc respectivement droit et haut. Ceci est généralement utilisé avec des axes doubles ou multiples.",
  "option.text.xAxis.reversed": "Direction inversée",
  "option.tooltip.xAxis.reversed": "Indique s'il faut inverser l'axe pour que le nombre le plus élevé soit le plus proche de l'origine. Si le graphe est inversé, l'axe des x est inversé par défaut.",
  "option.text.xAxis.labels.format": "Format des étiquettes d'axes",
  "option.tooltip.xAxis.labels.format": "<p> Une chaîne de format pour les étiquettes d'axe. La valeur est disponible via une variable <code> {valeur} </ code>. </ P> <p> <b> Des unités </ b> peuvent être ajoutées, par exemple, comme <code> {valeur} USD </ code>. . </ p> <p> <b> La mise en forme </ b> peut être ajoutée après un signe deux-points à l'intérieur de la variable, par exemple <code> USD {valeur: .2f} </ code> pour afficher deux décimales ou <code > {valeur:% Y-% m-% d} </ code> pour un certain format d'heure.",
  "option.text.yAxis.title.style": "Style du titre de l'axe des Y",
  "option.tooltip.yAxis.title.style": "Style et texte pour le titre de l'axe X",
  "option.text.yAxis.type": "Type",
  "option.tooltip.yAxis.type": "Le type d'axe",
  "option.text.yAxis.opposite": "Face opposée du graphe",
  "option.tooltip.yAxis.opposite": "Indique si l’axe doit être affiché du côté opposé à la normale. La normale est du côté gauche pour les axes verticaux et du bas pour les axes horizontaux, les côtés opposés seront donc respectivement droit et haut. Ceci est généralement utilisé avec des axes doubles ou multiples.",
  "option.text.yAxis.reversed": "Direction inversée",
  "option.tooltip.yAxis.reversed": "Indique s'il faut inverser l'axe pour que le nombre le plus élevé soit le plus proche de l'origine. Si le graphe est inversé, l'axe des x est inversé par défaut.",
  "option.text.yAxis.labels.format": "Format des étiquettes d'axes",
  "option.tooltip.yAxis.labels.format": "<p> Une chaîne de format pour les étiquettes d'axe. La valeur est disponible via une variable <code> {valeur} </ code>. </ P> <p> <b> Des unités </ b> peuvent être ajoutées, par exemple, comme <code> {valeur} USD </ code>. . </ p> <p> <b> La mise en forme </ b> peut être ajoutée après un signe deux-points à l'intérieur de la variable, par exemple <code> USD {valeur: .2f} </ code> pour afficher deux décimales ou <code > {valeur:% Y-% m-% d} </ code> pour un certain format d'heure.",
  "option.text.series.type": "Type de série",
  "option.tooltip.series.type": "Le type de série",
  "option.text.series.color": "Couleur",
  "option.tooltip.series.color": "La couleur principale de la série. Si aucune couleur n'est donnée ici, la couleur est extraite du tableau des couleurs par défaut, comme indiqué dans la section Apparence.",
  "option.text.series.negativeColor": "Couleur négative",
  "option.tooltip.series.negativeColor": "La couleur négative de la série en dessous du seuil. Le seuil est zéro par défaut, cela peut être modifié dans les paramètres avancés.",
  "option.text.series.colorByPoint": "Couleur par point",
  "option.tooltip.series.colorByPoint": "Utilisez une couleur par point. Les couleurs peuvent être changer",
  "option.text.series.dashStyle": "Style de tiret",
  "option.tooltip.series.dashStyle": "Nom du style de tiret à utiliser pour le graphe. S'applique uniquement aux types de séries comportant un graphe, comme <code> ligne </ code>, <code> spline </ code>, <zone> code </ code> et <code> dispersion </ code> dans le cas où il <code> lineWidth </ code>. La valeur de <code> dashStyle </ code> comprend:\r\n\t\t<ul>\r\n\t\t <t> li> Solide </li>\r\n\t\t\t <li> ShortDash </li>\r\n\t\t\t <li> ShortDot </ li>\r\n\t\t\t <t> li> ShortDashDot </ li>\r\n\t\t\t <li> ShortDashDotDot </ li>\r\n\t\t\t <li> Point </ li>\r\n\t\t\t <li> Tiret </ li >\r\n\t\t <li> LongDash </ li>\r\n\t\t\t <li> DashDot </ li>\r\n\t\t\t <li> LongDashDot </ li>\r\n\t\t </ li> LongDashDotDot </ li>\r\n\t\t </ ul>",
  "option.text.series.marker.enabled": "Activer les marqueurs de points",
  "option.tooltip.series.marker.enabled": "Activer ou désactiver le marqueur de point. Si <code> null </ code>, les marqueurs sont masqués lorsque les données sont denses et affichés pour des points de données plus répandus.",
  "option.text.series.marker.symbol": "Symbole de marqueur",
  "option.tooltip.series.marker.symbol": "<p> Une forme prédéfinie ou un symbole pour le marqueur. Lorsque la valeur est null, le symbole est extrait de options.symbols. Les autres valeurs possibles sont\"cercle \",\"carré \",\"diamant \",\"triangle \" et\"triangle bas \". </ P>\r\n\r\n <p > De plus, l’URL d’un graphe peut être donnée sous la forme: 'url (graphic.png)\". Notez que pour que l'image soit appliquée aux graphes exportés, son URL doit être accessible par le serveur d'exportation. </ P>\r\n\r\n <p> Les rappels personnalisés pour la génération du chemin de symbole peuvent également être ajoutés à < code> Highcharts.SVGRenderer.prototype.symbols </ code>. Le rappel est ensuite utilisé par son nom de méthode, comme indiqué dans la démonstration. </ P>",
  "option.text.plotOptions.series.dataLabels.enabled": "Activer les étiquettes de données pour toutes les séries",
  "option.tooltip.plotOptions.series.dataLabels.enabled": "Affiche de petites étiquettes à côté de chaque valeur de données (point, colonne, secteur, etc.)",
  "option.text.plotOptions.series.dataLabels.style": "Style de texte",
  "option.tooltip.plotOptions.series.dataLabels.style": "Styles pour l'étiquette.",
  "option.text.legend.enabled": "Activer la légende",
  "option.tooltip.legend.enabled": "Activer ou désactiver la légende.",
  "option.text.legend.layout": "Item layout",
  "option.tooltip.legend.layout": "La mise en page des éléments de légende. Peut être horizontal ou vertical.",
  "option.text.legend.align": "Alignement horizontal",
  "option.tooltip.legend.align": "<p> Alignement horizontal de la zone de légende dans la zone de graphe. Les valeurs valides sont <code> left </ code>, <code> center </ code> et <code> right </ code>. </ P>\r\n\r\n <p> Dans le cas où le la légende est alignée dans une position d'angle, l'option <code> layout </ code> déterminera s'il convient de la placer au-dessus / en dessous ou sur le côté de la zone de traçage. </ p>",
  "option.text.legend.x": "Décalage horizontal",
  "option.tooltip.legend.x": "Le décalage en pixels de la légende par rapport à son alignement",
  "option.text.legend.verticalAlign": "Alignement vertical",
  "option.tooltip.legend.verticalAlign": "<p> L'alignement vertical de la boîte de légende. Peut être l’un des <code> haut </ code>, <code> du milieu </ code> ou <code> bas </ code>. La position verticale peut être déterminée davantage par l’option <code> y </ code>. </ P>\r\n\r\n <p> Dans le cas où la légende est alignée dans une position de coin, le <code> L’option layout </ code> déterminera s’il faut la placer au-dessus / en dessous ou sur le côté de la zone de tracé. </ p>",
  "option.text.legend.y": "Décalage vertical",
  "option.tooltip.legend.y": "Le décalage en pixels de la légende par rapport à son alignement",
  "option.text.legend.floating": "Flotter en haut de la parcelle",
  "option.tooltip.legend.floating": "Lorsque la légende est flottante, la zone de tracé l'ignore et peut être placée en dessous.",
  "option.text.legend.itemStyle": "Style de texte",
  "option.tooltip.legend.itemStyle": "Styles CSS pour chaque élément de légende. Seul un sous-ensemble de CSS est pris en charge, notamment les options liées au texte.",
  "option.text.legend.itemHiddenStyle": "Style de texte masqué",
  "option.tooltip.legend.itemHiddenStyle": "Styles CSS pour chaque élément de légende lorsque la série ou le point correspondant est masqué. Seul un sous-ensemble de CSS est pris en charge, notamment les options liées au texte. Les propriétés sont héritées du style <code> style </ code> sauf si remplacées ici.",
  "option.text.legend.backgroundColor": "Couleur de fond",
  "option.tooltip.legend.backgroundColor": "La couleur de fond de la légende.",
  "option.text.legend.borderWidth": "Largeur de la bordure",
  "option.tooltip.legend.borderWidth": "La largeur de la bordure dessinée autour de la légende.",
  "option.text.legend.borderRadius": "Rayon de coin",
  "option.tooltip.legend.borderRadius": "Le rayon de la bordure de la légende.",
  "option.text.legend.borderColor": "Couleur de la bordure",
  "option.tooltip.legend.borderColor": "La couleur de la bordure dessinée autour de la légende.",
  "option.text.tooltip.enabled": "Activer l'infobulle",
  "option.tooltip.tooltip.enabled": "Activer ou désactiver l'info-bulle. L'info-bulle est la boîte d'informations qui apparaît au survol de la souris ou touchez un point.",
  "option.text.tooltip.shared": "Partagé entre les séries",
  "option.tooltip.tooltip.shared": "Lorsque l'info-bulle est partagée, l'intégralité de la zone de tracé capture les mouvements de la souris ou les événements tactiles. Les textes d'info-bulle pour les types de séries avec des données ordonnées (pas de camembert, de dispersion, d'indicateurs, etc.) seront affichés dans une seule bulle. Ceci est recommandé pour les graphes à une seule série et pour les graphes optimisés pour les tablettes / mobiles.",
  "option.text.tooltip.backgroundColor": "Couleur de fond",
  "option.tooltip.tooltip.backgroundColor": "La couleur de fond de l'info-bulle",
  "option.text.tooltip.borderWidth": "Largeur de la bordure",
  "option.tooltip.tooltip.borderWidth": "<p> La largeur en pixels de la bordure de l'info-bulle. </ p>\r\n\r\n <p> Dans <a href = http: //www.highcharts.com/docs/chart-design-and- style / style-par-css> style </a>, la largeur du trait est définie dans la classe <code> .highcharts-tooltip-box </code>. </p> ",
  "option.text.tooltip.borderRadius": "Rayon de coin",
  "option.tooltip.tooltip.borderRadius": "Le rayon des coins arrondis.",
  "option.text.tooltip.borderColor": "Couleur de la bordure",
  "option.tooltip.tooltip.borderColor": "La couleur de la bordure de l'info-bulle. Si aucune couleur n'est donnée, la couleur de série correspondante est utilisée.",
  "option.text.exporting.enabled": "Activer l'exportation",
  "option.tooltip.exporting.enabled": "Activez le bouton de contexte en haut à droite du graphe pour permettre aux utilisateurs finaux de télécharger des exportations d’images.",
  "option.text.exporting.sourceWidth": "Largeur exportée",
  "option.tooltip.exporting.sourceWidth": "La largeur du graphe d'origine lors de l'exportation. La largeur en pixels de l'image exportée est ensuite multipliée par le <em> facteur de mise à l'échelle </ em>.",
  "option.text.exporting.scale": "Facteur d'échelle",
  "option.tooltip.exporting.scale": "L'échelle d'exportation. Notez que cette option est remplacée si la largeur est définie.",
  "option.text.lang.decimalPoint": "Virgule",
  "option.tooltip.lang.decimalPoint": "Le point décimal utilisé pour tous les nombres",
  "option.text.lang.thousandsSep": "Séparateur de milliers",
  "option.tooltip.lang.thousandsSep": "Le séparateur de milliers utilisé pour tous les nombres",
  "option.text.lang.contextButtonTitle": "Titre du bouton de contexte",
  "option.tooltip.lang.contextButtonTitle": "Menu du module d'exportation. Titre de l'info-bulle du menu contextuel contenant les éléments de menu d'impression et d'exportation.",
  "option.text.lang.printChart": "Imprimer le graphe",
  "option.tooltip.lang.printChart": "Module d'exportation uniquement. Le texte de l'élément de menu pour imprimer le graphe.",
  "option.text.lang.downloadPNG": "Télécharger le PNG",
  "option.tooltip.lang.downloadPNG": "Module d'exportation uniquement. Le texte de l'élément de menu de téléchargement PNG.",
  "option.text.lang.downloadJPEG": "Télécharger le JPEG",
  "option.tooltip.lang.downloadJPEG": "Module d'exportation uniquement. Le texte de l'élément de menu de téléchargement JPEG.",
  "option.text.lang.downloadPDF": "Télécharger le fichier PDF",
  "option.tooltip.lang.downloadPDF": "Module d'exportation uniquement. Le texte de l'élément de menu de téléchargement PDF.",
  "option.text.lang.downloadSVG": "Téléchargez SVG",
  "option.tooltip.lang.downloadSVG": "Module d'exportation uniquement. Le texte de l'élément de menu de téléchargement SVG.",
  "option.text.lang.resetZoom": "Bouton de réinitialisation du zoom",
  "option.tooltip.lang.resetZoom": "Le texte de l'étiquette apparaît lorsqu'un zoom est effectué sur un graphe.",
  "option.text.credits.enabled": "Activer les crédits",
  "option.tooltip.credits.enabled": "S'il faut afficher le texte des crédits",
  "option.text.credits.text": "Texte des crédits",
  "option.tooltip.credits.text": "Le texte pour l'étiquette des crédits",
  "option.text.credits.href": "Lien",
  "option.tooltip.credits.href": "L'URL de l'étiquette des crédits"
}
