{
  "confirmNewChart": "האם למחוק את התרשים הנוכחי ולהתחיל מחדש?",
  "previewChart": "תצוגה מקדימה",
  "newChart": "תרשים חדש",
  "saveProject": "שמירת פרויקט",
  "loadProject": "טעינת פרויקט",
  "exportPNG": "יצוא כ-PNG",
  "exportJPEG": "יצוא כ-JPEG",
  "exportSVG": "יצור כ-SVG",
  "exportPDF": "יצור כ-PDF",
  "loadCloud": "טעינה מהענן",
  "saveCloud": "שמירה לענן",
  "help": "עזרה",
  "licenseInfo": "פרטי רישיון",
  "stepDone": "סיום",
  "stepStart": "התחל",
  "stepImport": "יבוא",
  "stepTemplates": "תבניות",
  "stepCustomize": "התאמה",
  "stepExport": "יצוא",
  "stepData": "נתונים",
  "doneCaption": "סגירה ויצור תרשים",
  "dgDeleteRow": "האם ברצונך למחוק את השורות הנבחרות?",
  "dgWithSelected": "עם בחירה:",
  "dgImportBtn": "יבוא",
  "dgExportBtn": "יצוא נתונים",
  "dgNewBtn": "מחיקת נתונים",
  "dgAddRow": "הוספת שורה",
  "dgDataImported": "הנתונים יובאו",
  "dgDataImporting": "יבוא נתונים",
  "dgNewCol": "טור חדש",
  "dgSortAsc": "סדר עולה",
  "dgSortDec": "סדר יורד",
  "dgSortAscMonth": "סדר כשמות חודשים עולים",
  "dgSortDecMonth": "סדר כשמות חודשים יורדים",
  "dgDelCol": "מחיקת טור",
  "dgDelColConfirm": "האם ברצונך למחוק את הטור?",
  "dgInsColBefore": "הכנסת טור לפני",
  "dgInsColAfter": "הכנסת טור אחרי",
  "customizeSimple": "פשוט",
  "customizeAdvanced": "מתקדם",
  "customizeCustomCode": "קוד מותאם אישית",
  "customizePreview": "אפשרויות תצוגה מקדימה",
  "option.cat.title": "כותרות",
  "option.subcat.titles": "כותרות ראשיות",
  "option.cat.general": "כללי",
  "option.subcat.size": "גודל תרשים",
  "option.subcat.interaction": "אינטראקציה עם התרשים",
  "option.cat.appearance": "נראות",
  "option.subcat.fonts": "גופנים",
  "option.subcat.titlestyle": "סגנון כותרת",
  "option.subcat.seriescolors": "צבעי הנתונים",
  "option.subcat.chartarea": "אזור התרשים",
  "option.subcat.plotarea": "אזור התרשים",
  "option.cat.axes": "צירים",
  "option.subcat.axessetup": "הגדרת צירים",
  "option.subcat.xaxis": "ציר ה-X",
  "option.subcat.yaxis": "ציר ה-Y",
  "option.cat.series": "סדרות נתונים",
  "option.cat.labels": "תוויות נתונים",
  "option.subcat.labels": "תוויות נתונים",
  "option.cat.legend": "מקר",
  "option.subcat.general": "כללי",
  "option.subcat.placement": "מיקום",
  "option.subcat.legendappearance": "נראות",
  "option.cat.tooltip": "חלונית ההסבר",
  "option.subcat.colorborder": "צבע וגבול",
  "option.cat.exporting": "יצוא",
  "option.cat.localization": "התאמה מקומית",
  "option.subcat.numberformat": "פורמט המספרים",
  "option.subcat.exportbutton": "כפתור ותפריט יצוא",
  "option.subcat.zoombutton": "כפתור תקריב",
  "option.cat.credits": "קרדיט",
  "option.series.label": "תוויות הסדרות",
  "option.text.series.label.enabled": "תוויות הסדרות",
  "option.tooltip.series.label.enabled": "הפעל או השבת את תווית הסדרה. תוויות סדרה ממוקמות קרוב לסדרה ככל האפשר בצורה טבעית, כדי להימנע מסדרות אחרות. התפקיד של תכונה זו היא להפוך את התרשים לקריא יותר, כאילו שמעצב אנושי הניח את התוויות במיקום האופטימלי.",
  "option.text.series.label.style": "סגנון תווית הנתונים",
  "options.tooltip.series.label.style": "",
  "option.text.title.text": "כותרת התרשים",
  "option.tooltip.title.text": "הכותרת הראשית של התרשים",
  "option.text.subtitle.text": "כותרת משנה",
  "option.tooltip.subtitle.text": "כותרת המשנה של התרשים, המוצגת בדרך כלל עם גופנים קטנים יותר מתחת לכותרת הראשית.",
  "option.text.yAxis.title.text": "כותרת ציר Y",
  "option.tooltip.yAxis.title.text": "כותרת ציר Y, המוצגת בדרך כלל אנכית לאורך ציר Y.",
  "option.text.chart.width": "רוחב התרשים",
  "option.tooltip.chart.width": "רוחב מפורש לתרשים. כברירת מחדל (כאשר <code>null</code>) הרוחב מחושב מרוח האופסט של הרכיב המכיל.",
  "option.text.chart.height": "גובה התרשים",
  "option.tooltip.chart.height": "גובה מפורש לתרשים. כברירת מחדל (כאשר <code>null</code>) גובה מחושב מהגובה האופסט של הרכיב המכיל, או 400 פיקסלים אם גובה האלמנט המכיל הוא 0.",
  "option.text.chart.zoomType": "אפשר תקריב",
  "option.tooltip.chart.zoomType": "מחליט באיזה מידות המשתמש יכול להתמקד על ידי  גרירת העכבר. יכול להיות אחד מ-<code>x</code>, <code>y</code> או <code>xy</code>.",
  "option.text.chart.polar": "תצוגת פולאר (מכם)",
  "option.tooltip.chart.polar": "כאשר מופעל, תרשימים קרטזיים כמו קו, שדרה, שטח ועמוד  הופכים למערכת הקואורדינטות הקוטביות. נדרש רכיב <code>highcharts-more.js</code>.",
  "option.text.chart.style": "גופן",
  "option.tooltip.chart.style": "הגופן שיעשה בו שימוש ברחבי התרשים",
  "option.text.title.style": "סגנון הכותרת הראשית",
  "option.tooltip.title.style": "סגנון הכותרת הראשית של התרשים",
  "option.text.subtitle.style": "סגנון כותרת משנה",
  "option.tooltip.subtitle.style": "הסגנון של כותרת המשנה של התרשים, בדרך כלל מוצגת בקטן מתחת לכותרת הראשית",
  "option.text.colors": "צבעים",
  "option.tooltip.colors": "צבעי ברירת המחדל עבור סדרת הנתונים, או נקודות בודדות בתרשים עוגה או סדרת עמודות עם צבעים בודדים. הצבעים ייבחרו אחד אחרי השני. אם צבע מוגדר במפורש עבור כל סדרה בתצוגת <em> סדרת הנתונים </ em>, צבע זה יקבל עדיפות.\n",
  "option.text.chart.backgroundColor": "צבע רקע",
  "option.tooltip.chart.backgroundColor": "צבע רקע לכל אזור התרשים",
  "option.text.chart.borderWidth": "רוחב גבול",
  "option.tooltip.chart.borderWidth": "הרוחב בפיקסלים של גבול התרשים החיצוני.",
  "option.text.chart.borderRadius": "רדיוס גבול פינתי",
  "option.tooltip.chart.borderRadius": "רדיוס הפינה של הגבול החיצוני של התרשים",
  "option.text.chart.borderColor": "צבע גבול",
  "option.tooltip.chart.borderColor": "צבע הגבול החיצוני של התרשים.",
  "option.text.chart.plotBackgroundColor": "צבע רקע",
  "option.tooltip.chart.plotBackgroundColor": "צבע רקע לאזור התרשים, השטח בתוך הצירים",
  "option.text.chart.plotBackgroundImage": "כתובת תמונת רקע",
  "option.tooltip.chart.plotBackgroundImage": "כתובת האתר המקוונת עבור תמונה שתשמש כרקע של אזור התרשים",
  "option.text.chart.plotBorderWidth": "רוחב גבול",
  "option.tooltip.chart.plotBorderWidth": "רוחב הפיקסלים של גבול אזור התרשים.",
  "option.text.chart.plotBorderColor": "צבע גבול",
  "option.tooltip.chart.plotBorderColor": "צבע של התרשים הפנימי או גבול אזור התרשים.",
  "option.text.chart.inverted": "צירים הופכיים",
  "option.tooltip.chart.inverted": "<p> האם להפוך את הצירים כך שציר ה-x הוא הציר האנכי וציר ה-y הוא הציר האופקי. כאשר מופעל, ציר x הוא <a href=\"#xAxis.reversed\">הופכי</a> כברירת מחדל. אם התרשים הוא סדרת עמודות, היא תתהפך באופן אוטומטי. </ P> \\ r \\ n \\ r \\ n <p> היפוך התרשים אינו משפיע אם אין סדרה קרטזית בתרשים, או אם התרשים הוא <a href=\"#chart.polar\"> פולארי </a>.</p>",
  "option.text.xAxis.title.style": "כותרת ציר ה-X",
  "option.tooltip.xAxis.title.style": "סגנון וטקסט לכותרת ציר ה-X",
  "option.text.xAxis.title.text": "טקסט",
  "option.tooltip.xAxis.title.text": "הטקסט בפועל של כותרת הציר. הוא יכול להכיל סימון טקסט בסיסי ב- HTML כמו <b>, <i> ו-Span עם סגנון.",
  "option.text.xAxis.type": "סוג",
  "option.tooltip.xAxis.type": "סוג הציר",
  "option.text.xAxis.opposite": "הצד ההופכי של התרשים",
  "option.tooltip.xAxis.opposite": "האם להציג את הציר בצד ההופכי מהנרומה. הנורמה היא בצד שמאל עבור צירים אנכיים התחתון עבור אופקי, כך שצדדים הפוכים יהיו ימינה למעלה בהתאמה. משמש בדרך כלל למערכת צירים כפולה או מרובה.",
  "option.text.xAxis.reversed": "כיוון הופכי",
  "option.tooltip.xAxis.reversed": "האם להפוך את הצירים כך שהמספר הגבוה ביותר הוא הקרוב ביותר לראשית הצירים. אם התרשים הפוך, ציר ה-x מתהפך כברירת מחדל.",
  "option.text.xAxis.labels.format": "תבנית תוויות הציר",
  "option.tooltip.xAxis.labels.format": "<p> מחרוזת פורמט עבור תוויות הצירים. הערך זמין באמצעות משתנה <code>{value}</code>.</P> <p>ניתן להוסיף לדוגמה <b>יחידות</b> <code>{value}USD</code>.</p><p><b>עיצוב</b> ניתן להוסיף לאחר נקודתיים בתוך המשתנה, לדוגמה <code>USD{value:.2f}</ code> להצגת שתי ספרות עשרוניות, או <code> (value:%Y-%m-%d}</code> עבור פורמט זמן מסוים.",
  "option.text.yAxis.title.style": "סגנון ציר ה-Y",
  "option.tooltip.yAxis.title.style": "הסגנון והטקסט לכותרת ציר ה-X",
  "option.text.yAxis.type": "סוג",
  "option.tooltip.yAxis.type": "סוג הציר",
  "option.text.yAxis.opposite": "הצד ההופכי של התרשים",
  "option.tooltip.yAxis.opposite": "האם להציג את הציר בצד ההופכי מהנרומה. הנורמה היא בצד שמאל עבור צירים אנכיים התחתון עבור אופקי, כך שצדדים הפוכים יהיו ימינה למעלה בהתאמה. משמש בדרך כלל למערכת צירים כפולה או מרובה.",
  "option.text.yAxis.reversed": "כיוון הופכי",
  "option.tooltip.yAxis.reversed": "האם להפוך את הצירים כך שהמספר הגבוה ביותר הוא הקרוב ביותר לראשית הצירים. אם התרשים הפוך, ציר ה-x מתהפך כברירת מחדל.",
  "option.text.yAxis.labels.format": "תבנית תוויות הצירים",
  "option.tooltip.yAxis.labels.format": "<p> מחרוזת פורמט עבור תוויות הצירים. הערך זמין באמצעות משתנה <code>{value}</code>.</P> <p>ניתן להוסיף לדוגמה <b>יחידות</b> <code>{value}USD</code>.</p><p><b>עיצוב</b> ניתן להוסיף לאחר נקודתיים בתוך המשתנה, לדוגמה <code>USD{value:.2f}</ code> להצגת שתי ספרות עשרוניות, או <code> (value:%Y-%m-%d}</code> עבור פורמט זמן מסוים.",
  "option.text.series.type": "סוג סדרה",
  "option.tooltip.series.type": "סוג הסדרה",
  "option.text.series.color": "צבע",
  "option.tooltip.series.color": "הצבע העיקרי של הסדרה. אם לא מוגדר צבע כאן, הצבע נמשך ממערך ברירת המחדל של הצבעים כפי שמופיע בהגדרות \\ \"מראה \".",
  "option.text.series.negativeColor": "צבע שלילי",
  "option.tooltip.series.negativeColor": "הצבע השלילי של הסדרה מתחת לסף כלשהו. סף ברירת המחדל הוא אפס, אך ניתן לשנות זאת בהגדרות המתקדמות.",
  "option.text.series.colorByPoint": "צבע לפי נקודה",
  "option.tooltip.series.colorByPoint": "השתמש בצבע אחד לכל נקודה. ניתן לשנות צבעים במסך \"מראה\".",
  "option.text.series.dashStyle": "סגנון מקף",
  "option.tooltip.series.dashStyle": "השם של סגנון המקף לשימוש בתרשים. חל רק על סוג הסדרה עם גרף, כגון <code>line</code>, <code> <code>line</code>, <code>spline</code>, <code>area</code> ו- <code>scatter</code> במקרה שלגרף מוגדר <code>lineWidth</code>. הערך של <code>dashStyle</code> כולל:\r\n\t\t    <ul>\r\n\t\t    \t<li>Solid</li>\r\n\t\t    \t<li>ShortDash</li>\r\n\t\t    \t<li>ShortDot</li>\r\n\t\t    \t<li>ShortDashDot</li>\r\n\t\t    \t<li>ShortDashDotDot</li>\r\n\t\t    \t<li>Dot</li>\r\n\t\t    \t<li>Dash</li>\r\n\t\t    \t<li>LongDash</li>\r\n\t\t    \t<li>DashDot</li>\r\n\t\t    \t<li>LongDashDot</li>\r\n\t\t    \t<li>LongDashDotDot</li>\r\n\t\t    </ul>",
  "option.text.series.marker.enabled": "אפשר סמני נקודות",
  "option.tooltip.series.marker.enabled": "הפעל או השבת את סמן הנקודות. אם <code>null</code>, הסימנים מוסתרים כאשר הנתונים צפופים ומוצגים עבור נקודות נתונים רחבות יותר.",
  "option.text.series.marker.symbol": "סמל סמן נקודות",
  "option.tooltip.series.marker.symbol": "<p>A predefined shape or symbol for the marker. When null, the symbol is pulled from options.symbols. Other possible values are \"circle\", \"square\", \"diamond\", \"triangle\" and \"triangle-down\".</p>\r\n\r\n<p>Additionally, the URL to a graphic can be given on this form:  \"url(graphic.png)\". Note that for the image to be applied to exported charts, its URL needs to be accessible by the export server.</p>\r\n\r\n<p>Custom callbacks for symbol path generation can also be added to <code>Highcharts.SVGRenderer.prototype.symbols</code>. The callback is then used by its method name, as shown in the demo.</p>",
  "option.text.plotOptions.series.dataLabels.enabled": "אפשר תוויות נתונים עבור כל הסדרות",
  "option.tooltip.plotOptions.series.dataLabels.enabled": "הצג תוויות קטנות לצד כל ערך נתונים (נקודה, עמודה, פרוסת פאי וכו')",
  "option.text.plotOptions.series.dataLabels.style": "סגנון טקסט",
  "option.tooltip.plotOptions.series.dataLabels.style": "סגנונות לתווית.",
  "option.text.legend.enabled": "אפשר מקרא",
  "option.tooltip.legend.enabled": "מאפשר או מבטל את הצגת המקרא.",
  "option.text.legend.layout": "פריסת פריטים",
  "option.tooltip.legend.layout": "הפריסה של פריטי המקרא. יכול להיות אחד \"אופקי\" או \"אנכי\".",
  "option.text.legend.align": "יישור אופקי",
  "option.tooltip.legend.align": "<p>היישור האופקי של תיבת המקרא בתוך אזור התרשים. ערכים חוקיים הם <code>left</code>, <code>center</code> ו- <code>right</code>.</P>\r\n\r\n<p> במקרה והמקרא מיושר במיקום פינתי, האפשרות <code>layout</code> תקבע אם להציב אותה מעל, מתחת או בצד של שטח התרשים.</p>",
  "option.text.legend.x": "קיזוז אופקי",
  "option.tooltip.legend.x": "היישור האופקי של המקרא ביחס למיקום שלו",
  "option.text.legend.verticalAlign": "יישור אנכי",
  "option.tooltip.legend.verticalAlign": "<p> היישור האנכי של תיבת המקרא. יכול להיות אחד מ <code>top</code>, <code>middle</code> או <code>bottom</code>. כמו כן, ניתן לקבוע את המיקום האנכי על ידי האפשרות <code>y</code>.</P>\r\n\r\n<p> במקרה שהמקרא מיושר במיקום פינתי, האפשרות <code> layout</code> תקבע אם להציב אותו מעל , מתחת או בצד של שטח התרשים.</p>",
  "option.text.legend.y": "קיזוז אנכי",
  "option.tooltip.legend.y": "היסט הפיקסל של המקרא יחסית ליישור שלו",
  "option.text.legend.floating": "צף מעל אזור הגרף",
  "option.tooltip.legend.floating": "כאשר המקרא צף, שטח התרשים מתעלם מהמקרא ויכול להיות מוצב מתחתיו.",
  "option.text.legend.itemStyle": "סגנון טקסט",
  "option.tooltip.legend.itemStyle": "סגנונות CSS עבור כל פריט מקרא. רק חלק מסגנונו של CSS נתמכות, בעיקר אפשרויות הקשורות לטקסט.",
  "option.text.legend.itemHiddenStyle": "סגנון טקסט מוחבא",
  "option.tooltip.legend.itemHiddenStyle": "סגנונות CSS עבור כל פריט מקרא כאשר הסדרה או הנקודה התואמים מוסתרים. רק חלק מסגנונות CSS נתמכים, בעיקר אפשרויות הקשורות לטקסט. המאפיינים מתקבלים בירושה מ <code>style</code>, אלא אם כן הוגדרו במפורש כאן.",
  "option.text.legend.backgroundColor": "צבע רקע",
  "option.tooltip.legend.backgroundColor": "צבא הרקע של המקרא.",
  "option.text.legend.borderWidth": "רוחב גבול",
  "option.tooltip.legend.borderWidth": "רוחב הגבול המצויר סביב המקרא.",
  "option.text.legend.borderRadius": "רדיוס גבול הפינה.",
  "option.tooltip.legend.borderRadius": "רדיוס פינות הגבול של המקרא.",
  "option.text.legend.borderColor": "צבע גבול",
  "option.tooltip.legend.borderColor": "צבע הגבול המצויר סביב המקרא.",
  "option.text.tooltip.enabled": "אפשר חלונית הסבר",
  "option.tooltip.tooltip.enabled": "מאפשר את מבטל את חלונית ההסבר. החלונית מציגה את המידע שמופיע בעת ריחוף עכבר או מגע בנקודה כלשהי בגרף.",
  "option.text.tooltip.shared": "משותף בין הסדרות",
  "option.tooltip.tooltip.shared": "כאשר חלונית ההסבר משותפת, כל שטח התרשים ילכוד תנועות העכבר או אירועי מגע. כיתובי חלונית עבור סדרות עם נתונים אורדינליים (לא עוגה, פיזור, דגלים וכו') יוצגו בבועה אחת. מומלץ עבור תרשימי סדרה בודדת וכן עבור אופטימיזציה לטאבלט / נייד.",
  "option.text.tooltip.backgroundColor": "צבע רקע",
  "option.tooltip.tooltip.backgroundColor": "צבע הרקע של חלונית ההסבר",
  "option.text.tooltip.borderWidth": "רוחב גבול",
  "option.tooltip.tooltip.borderWidth": "<p>הרוחב בפיקסלים של גבול חלונית ההסבר.</p>\r\n\r\n<p> ב<a href\"http://www.highcharts.com/docs/chart-design-and-style/style-by-css\"> מצב מסוגנן</a>, רוחב הקו מוגדר בקוד <code>.highcharts-tooltip-box</code>.</p>",
  "option.text.tooltip.borderRadius": "רדיוס פינות הגבול",
  "option.tooltip.tooltip.borderRadius": "רדיוס פינות הגבול המעוגלות.",
  "option.text.tooltip.borderColor": "צבע גבול",
  "option.tooltip.tooltip.borderColor": "צבע הגבול של חלונית ההסבר. אם לא ניתן צבע, נעשה שימוש בצבע הסדרה המתאים.",
  "option.text.exporting.enabled": "אפשר ייצוא",
  "option.tooltip.exporting.enabled": "הפעל את תפריט האפשרויות בפינה השמאלית העליונה של התרשים, דבר המאפשר למשתמשי קצה להוריד את ייצוא התמונה.",
  "option.text.exporting.sourceWidth": "רוחב מיוצא",
  "option.tooltip.exporting.sourceWidth": "רוחב התרשים המקורי בעת הייצוא. רוחב הפיקסלים של התמונה המיוצאת מוכפל אז במקדם <em>קנה המידה</em>.",
  "option.text.exporting.scale": "קנה מידה",
  "option.tooltip.exporting.scale": "קנה המידה לייצוא. שימו לב שאפשרות זו מתבטלת אם נקבע רוחב ייצוא מפורש.",
  "option.text.lang.decimalPoint": "נקודה עשרונית",
  "option.tooltip.lang.decimalPoint": "הנקודה העשרונית בה יעשה שימוש בכל המספרים",
  "option.text.lang.thousandsSep": "מפריד אלפים",
  "option.tooltip.lang.thousandsSep": "מפריד האלפים בו יעשה שימוש בכל המספרים",
  "option.text.lang.contextButtonTitle": "כותרת תפריט האפשרויות",
  "option.tooltip.lang.contextButtonTitle": "תפריט מודול הייצוא. כותרת חלונית ההסבר המציגה את אפשרויות ההורדה וההדפסה של התרשים.",
  "option.text.lang.printChart": "הדפס תרשים",
  "option.tooltip.lang.printChart": "מודול ייצוא בלבד. טקסט עבור שורת התפריט שמאפשרת להדפיס את התרשים.",
  "option.text.lang.downloadPNG": "הורדת PNG",
  "option.tooltip.lang.downloadPNG": "מודול ייצוא בלבד. טקסט עבור שורת התפריט שמאפשרת להוריד את התרשים כ-PNG",
  "option.text.lang.downloadJPEG": "הורדת JPEG",
  "option.tooltip.lang.downloadJPEG": "מודול ייצוא בלבד. טקסט עבור שורת התפריט שמאפשרת להוריד את התרשים כ-JPEG",
  "option.text.lang.downloadPDF": "הורדת PDF",
  "option.tooltip.lang.downloadPDF": "מודול ייצוא בלבד. טקסט עבור שורת התפריט שמאפשרת להוריד את התרשים כ-PDF",
  "option.text.lang.downloadSVG": "הורדת SVG",
  "option.tooltip.lang.downloadSVG": "מודול ייצוא בלבד. טקסט עבור שורת התפריט שמאפשרת להוריד את התרשים כ-SVG",
  "option.text.lang.resetZoom": "כפתור אתחול התקריב",
  "option.tooltip.lang.resetZoom": "טקסט התוויות שיופיע בעת תצוגת תקריב",
  "option.text.credits.enabled": "הצגת קרדיט",
  "option.tooltip.credits.enabled": "האם להראות את טקסט הקרדיט",
  "option.text.credits.text": "טקסט הקרדיט",
  "option.tooltip.credits.text": "הטקסט לתווית הקרדיט",
  "option.text.credits.href": "קישור",
  "option.tooltip.credits.href": "הקישור לתווית הקרדיט"
}
