{

    "confirmNewChart": "确定放弃当前图表并重新开始？",

    "previewChart": "预览",
    "newChart": "新建",
    "saveProject": "保存项目",
    "loadProject": "加载项目",

    "exportPNG": "导出为PNG",
    "exportJPEG": "导出为JPEG",
    "exportSVG": "导出为SVG",
    "exportPDF": "导出为PDF",

    "help": "帮助",
    "licenseInfo": "许可信息",

    "stepDone": "完成",
    "stepStart": "开始",
    "stepImport": "导入",
    "stepTemplates": "模板",
    "stepCustomize": "自定义",
    "stepExport": "导出",
    "stepData": "数据",

    "doneCaption": "关闭并生成图表",

    "dgDeleteRow": "确定删除已选行？",
    "dgWithSelected": "对已选择的行：",
    "dgImportBtn": "导入",
    "dgExportBtn": "导出",
    "dgNewBtn": "新建",
    "dgAddRow": "增加行",
    "dgDataImported": "数据已导入",
    "dgDataImporting": "数据导入中",
    "dgNewCol": "新增列",
    "dgSortAsc": "升序",
    "dgSortDec": "倒序",
    "dgSortAscMonth": "按月升序",
    "dgSortDecMonth": "按月倒序",
    "dgDelCol": "删除列",
    "dgDelColConfirm": "确定删除该列？",
    "dgInsColBefore": "前插列",
    "dgInsColAfter": "后插列",

    "customizeSimple": "简单",
    "customizeAdvanced": "高级",

    "option.cat.title": "标题",
    "option.subcat.titles": "主标题",
    "option.cat.general": "通用",
    "option.subcat.size": "图表尺寸",
    "option.subcat.interaction": "图表交互",
    "option.cat.appearance": "外观",
    "option.subcat.fonts": "字体",
    "option.subcat.titlestyle": "标题样式",
    "option.subcat.seriescolors": "系列颜色",
    "option.subcat.chartarea": "图表区域",
    "option.subcat.plotarea": "绘图区域",
    "option.cat.axes": "轴",
    "option.subcat.axessetup": "轴设置",
    "option.subcat.xaxis": "X轴",
    "option.subcat.yaxis": "Y轴",
    "option.cat.series": "数据系列",
    "option.cat.labels": "数据标签",
    "option.subcat.labels": "数据标签",
    "option.cat.legend": "图例",
    "option.subcat.general": "通用",
    "option.subcat.placement": "位置",
    "option.subcat.legendappearance": "外观",
    "option.cat.tooltip": "提示",
    "option.subcat.colorborder": "颜色和边框",
    "option.cat.exporting": "导出",
    "option.cat.localization": "本地化",
    "option.subcat.numberformat": "数值格式",
    "option.subcat.exportbutton": "导出按钮及菜单",
    "option.subcat.zoombutton": "缩放按钮",
    "option.cat.credits": "著作权",

    "option.text.title.text": "图表标题",
    "option.tooltip.title.text": "主标题",
    "option.text.subtitle.text": "副标题",
    "option.tooltip.subtitle.text": "图表的副标题，以较小的字体显示在主标题下方",
    "option.text.yAxis.title.text": "Y轴标题",
    "option.tooltip.yAxis.title.text": "Y轴标题，沿Y轴方向显示",
    "option.text.chart.width": "图表宽度",
    "option.tooltip.chart.width": "图表的确切宽度。默认(<code>null</code>)根据包含元素的偏移宽度计算。",
    "option.text.chart.height": "图表高度",
    "option.tooltip.chart.height": "图表的确切高度。默认(<code>null</code>)根据包含元素的偏移高度计算，若包含元素高度为0则采用400像素。",
    "option.text.chart.zoomType": "允许缩放",
    "option.tooltip.chart.zoomType": "用户可以通过鼠标拖拽缩放的维度。可选值为：<code>x</code>, <code>y</code> or <code>xy</code>.",
    "option.text.chart.polar": "极坐标(雷达)投影",
    "option.tooltip.chart.polar": "若勾选，线图、样条图、堆积图和柱状图将会按照极坐标系统进行转换。需要<code>highcharts-more.js</code>支持。",
    "option.text.chart.style": "所有字体",
    "option.tooltip.chart.style": "整个使用的字体",
    "option.text.title.style": "主标题样式",
    "option.tooltip.title.style": "控制主标题的样式",
    "option.text.subtitle.style": "副标题样式",
    "option.tooltip.subtitle.style": "控制副标题的样式，通常以更小的字体在主标题下方显示",
    "option.text.colors": "颜色",
    "option.tooltip.colors": "数据系列默认的颜色，或者针对饼图或柱状图单个点的颜色。色彩会被按顺序选择。如果在<em>数据系列</em>中对系列进行设置，则以之为准。",
    "option.text.chart.backgroundColor": "背景颜色",
    "option.tooltip.chart.backgroundColor": "整个图表区域的背景颜色",
    "option.text.chart.borderWidth": "边框宽度",
    "option.tooltip.chart.borderWidth": "图表外边框宽度(像素)。",
    "option.text.chart.borderRadius": "边角半径",
    "option.tooltip.chart.borderRadius": "图表外边框角半径。",
    "option.text.chart.borderColor": "边框颜色",
    "option.tooltip.chart.borderColor": "图表外边框颜色。",
    "option.text.chart.plotBackgroundColor": "背景颜色",
    "option.tooltip.chart.plotBackgroundColor": "绘图区域(坐标内区域)背景色",
    "option.text.chart.plotBackgroundImage": "背景图片链接",
    "option.tooltip.chart.plotBackgroundImage": "作为绘图区域背景图片的在线URL",
    "option.text.chart.plotBorderWidth": "边框宽度",
    "option.tooltip.chart.plotBorderWidth": "绘图区域边框宽度(像素)。",
    "option.text.chart.plotBorderColor": "边框颜色",
    "option.tooltip.chart.plotBorderColor": "绘图区域边框颜色。",
    "option.text.chart.inverted": "交换轴",
    "option.tooltip.chart.inverted": "<p>是否交换轴以使得x轴垂直而y轴水平。When true, the x axis is <a href=\"#xAxis.reversed\">reversed</a> by default. If a bar series is present in the chart, it will be inverted automatically.</p>\r\n\r\n<p>Inverting the chart doesn't have an effect if there are no cartesian series in the chart, or if the chart is <a href=\"#chart.polar\">polar</a>.</p>",
    "option.text.xAxis.title.style": "X轴标题样式",
    "option.tooltip.xAxis.title.style": "X轴标题的样式",
    "option.text.xAxis.title.text": "文本",
    "option.tooltip.xAxis.title.text": "该轴标题的具体文本。它可以含有基础的HTML标签，如:&lt;b&gt;, &lt;i&gt; ",
    "option.text.xAxis.type": "类型",
    "option.tooltip.xAxis.type": "轴的类型",
    "option.text.xAxis.opposite": "对侧显示",
    "option.tooltip.xAxis.opposite": "是否将坐标轴显示在图表的另一侧。一般来说，垂直的坐标在左侧，水平的坐标在下侧，所以另一侧相应地是指右侧和上侧。一般在双坐标或多坐标场景下使用。",
    "option.text.xAxis.reversed": "逆向显示",
    "option.tooltip.xAxis.reversed": "是否将坐标逆向以使得最大坐标值离原点最近。若图表逆向，默认将X轴逆向。",
    "option.text.xAxis.labels.format": "轴标签格式",
    "option.tooltip.xAxis.labels.format": "<p>轴标签的格式字符串。实际数据可通过变量<code>{value}</code>来获得。</p><p><b>例如可以使用<code>{value} USD</code>来增加单位。</p><p>在变量内部也可以使用冒号来对数据进行<b>格式化</b>，如:<code>USD {value:.2f}</code>可展现两位有效数字，<code>{value:%Y-%m-%d}</code>可进行日期字符串格式化。",
    "option.text.yAxis.title.style": "Y轴标题样式",
    "option.tooltip.yAxis.title.style": "Y轴标题的样式",
    "option.text.yAxis.type": "类型",
    "option.tooltip.yAxis.type": "轴的类型",
    "option.text.yAxis.opposite": "对侧显示",
    "option.tooltip.yAxis.opposite": "是否将坐标轴显示在图表的另一侧。一般来说，垂直的坐标在左侧，水平的坐标在下侧，所以另一侧相应地是指右侧和上侧。一般在双坐标或多坐标场景下使用。",
    "option.text.yAxis.reversed": "逆向显示",
    "option.tooltip.yAxis.reversed": "是否将坐标逆向以使得最大坐标值离原点最近。若图表逆向，默认将Y轴逆向。",
    "option.text.yAxis.labels.format": "轴标签格式",
    "option.tooltip.yAxis.labels.format": "<p>轴标签的格式字符串。实际数据可通过变量<code>{value}</code>来获得。</p><p><b>例如可以使用<code>{value} USD</code>来增加单位。</p><p>在变量内部也可以使用冒号来对数据进行<b>格式化</b>，如:<code>USD {value:.2f}</code>可展现两位有效数字，<code>{value:%Y-%m-%d}</code>可进行日期字符串格式化。",
    "option.text.series.type": "系列类型",
    "option.tooltip.series.type": "该系列的类型",
    "option.text.series.color": "颜色",
    "option.tooltip.series.color": "该系列的主颜色。若此处不指定，则从\"外观\"中的默认颜色中选取。",
    "option.text.series.negativeColor": "负色",
    "option.tooltip.series.negativeColor": "该系列低于阈值的负颜色。阈值默认是0，在高级设定中可以修改。",
    "option.text.series.colorByPoint": "单点着色",
    "option.tooltip.series.colorByPoint": "每一个点使用一种颜色。颜色可以在\"外观\"中修改。",
    "option.text.series.dashStyle": "短划线风格",
    "option.tooltip.series.dashStyle": "图中短划线风格。仅对具有图的系列有作用，如<code>线图</code>, <code>样条图</code>, <code>面积图</code>和<code>散点图</code>，并且具有<code>lineWidth</code>。<code>短划线风格</code>有：\r\n\t\t    <ul>\r\n\t\t    \t<li>Solid</li>\r\n\t\t    \t<li>ShortDash</li>\r\n\t\t    \t<li>ShortDot</li>\r\n\t\t    \t<li>ShortDashDot</li>\r\n\t\t    \t<li>ShortDashDotDot</li>\r\n\t\t    \t<li>Dot</li>\r\n\t\t    \t<li>Dash</li>\r\n\t\t    \t<li>LongDash</li>\r\n\t\t    \t<li>DashDot</li>\r\n\t\t    \t<li>LongDashDot</li>\r\n\t\t    \t<li>LongDashDotDot</li>\r\n\t\t    </ul>",
    "option.text.series.marker.enabled": "启用点标记",
    "option.tooltip.series.marker.enabled": "是否启用点标记。如果是<code>null</code>，若数据稠密则标记隐藏，否则展现。",
    "option.text.series.marker.symbol": "标记符号",
    "option.tooltip.series.marker.symbol": "<p>为标记预定义的形状或符号。若空，则顺序使用<code>options.symbols</code>中的符号。其他可选值为：\"circle\", \"square\", \"diamond\", \"triangle\" 以及 \"triangle-down\".</p>\r\n\r\n<p>Additionally, the URL to a graphic can be given on this form:  \"url(graphic.png)\". Note that for the image to be applied to exported charts, its URL needs to be accessible by the export server.</p>\r\n\r\n<p>Custom callbacks for symbol path generation can also be added to <code>Highcharts.SVGRenderer.prototype.symbols</code>. The callback is then used by its method name, as shown in the demo.</p>",
    "option.text.plotOptions.series.dataLabels.enabled": "对所有系列启用数据标签",
    "option.tooltip.plotOptions.series.dataLabels.enabled": "在每个数据值(点、柱、饼图切片等)旁边显示一个小标签。",
    "option.text.plotOptions.series.dataLabels.style": "文本样式",
    "option.tooltip.plotOptions.series.dataLabels.style": "标签的样式。",
    "option.text.legend.enabled": "启用图例",
    "option.tooltip.legend.enabled": "是否启用图例。",
    "option.text.legend.layout": "图例布局",
    "option.tooltip.legend.layout": "图例项的布局。可选为： \"horizontal\" , \"vertical\".",
    "option.text.legend.align": "水平对齐",
    "option.tooltip.legend.align": "<p>图例在图表区域内的水平对齐。合法取值为：<code>left</code>, <code>center</code> 以及 <code>right</code>。</p>\r\n\r\n<p>若图例对齐到角落位置，<code>layout</code>选项将决定图例展现在绘图区域的上侧或下侧。</p>",
    "option.text.legend.x": "水平偏移",
    "option.tooltip.legend.x": "图例相较于它的对齐的偏移量(像素)",
    "option.text.legend.verticalAlign": "垂直对齐",
    "option.tooltip.legend.verticalAlign": "<p>图例的垂直对齐。合法取值为：<code>top</code>, <code>middle</code> 或  <code>bottom</code>。垂直位置可以通过<code>y</code>选项进一步调整。</p>\r\n\r\n<p>若图例对齐到角落位置，<code>layout</code>选项将决定图例展现在绘图区域的上侧或下侧。</p>",
    "option.text.legend.y": "垂直偏移",
    "option.tooltip.legend.y": "图例相较于它的对齐的偏移量(像素)",
    "option.text.legend.floating": "在绘图区域内显示",
    "option.tooltip.legend.floating": "若勾选，则绘图区域不会考虑图例，且绘图可能覆盖图例。",
    "option.text.legend.itemStyle": "文本样式",
    "option.tooltip.legend.itemStyle": "每个图例项的CSS样式。仅支持CSS的一个子集，特别是和文本相关的选项。",
    "option.text.legend.itemHiddenStyle": "隐藏时文本样式",
    "option.tooltip.legend.itemHiddenStyle": "若系列或点隐藏了，其相关的图例项的CSS样式。仅支持CSS的一个子集，特别是和文本相关的选项。除非此处配置，否则属性从<code>style</code>继承。",
    "option.text.legend.backgroundColor": "背景颜色",
    "option.tooltip.legend.backgroundColor": "图例的背景颜色。",
    "option.text.legend.borderWidth": "边框宽度",
    "option.tooltip.legend.borderWidth": "图例边框的宽度。",
    "option.text.legend.borderRadius": "边框角半径",
    "option.tooltip.legend.borderRadius": "图例的边框角半径。",
    "option.text.legend.borderColor": "边框颜色",
    "option.tooltip.legend.borderColor": "图例边框的颜色。",
    "option.text.tooltip.enabled": "启用提示",
    "option.tooltip.tooltip.enabled": "是否启用提示。提示指的是当鼠标悬停或者触摸一个点时显示的信息框。",
    "option.text.tooltip.shared": "系列间共享",
    "option.tooltip.tooltip.shared": "若勾选，整个绘图区域将捕获鼠标移动或者触摸事件。具有有序数据的系列(非饼图、散点图等)的提示信息将在同一个信息框中展现。推荐对于单系列以及为移动设备优化的图表启用。",
    "option.text.tooltip.backgroundColor": "背景颜色",
    "option.tooltip.tooltip.backgroundColor": "提示框的背景颜色",
    "option.text.tooltip.borderWidth": "边框宽度",
    "option.tooltip.tooltip.borderWidth": "<p>提示边框的宽度(像素)。</p>\r\n\r\n<p>In <a href=\"http://www.highcharts.com/docs/chart-design-and-style/style-by-css\">styled mode</a>, the stroke width is set in the <code>.highcharts-tooltip-box</code> class.</p>",
    "option.text.tooltip.borderRadius": "边框角半径",
    "option.tooltip.tooltip.borderRadius": "提示框的边框角半径。",
    "option.text.tooltip.borderColor": "边框颜色",
    "option.tooltip.tooltip.borderColor": "提示框边框颜色。若不设置，则使用与之关联的系列的颜色。",
    "option.text.exporting.enabled": "启用导出",
    "option.tooltip.exporting.enabled": "若勾选，则启用图表右上角的上下文按钮以允许终端用户以不同格式下载图表。",
    "option.text.exporting.sourceWidth": "导出宽度",
    "option.tooltip.exporting.sourceWidth": "导出时原图的宽度。导出后的图片宽度(像素)等于该值乘以<em>缩放因子</em>。",
    "option.text.exporting.scale": "缩放因子",
    "option.tooltip.exporting.scale": "导出时的缩放因子. 若宽度已经设置，则该设置无效。",
    "option.text.lang.decimalPoint": "小数点",
    "option.tooltip.lang.decimalPoint": "所有数字使用的小数点",
    "option.text.lang.thousandsSep": "千位分隔符",
    "option.tooltip.lang.thousandsSep": "所有数字使用的千位分隔符",
    "option.text.lang.contextButtonTitle": "上下文按钮标题",
    "option.tooltip.lang.contextButtonTitle": "导出模块菜单。包含打印和导出菜单项的提示框标题。",
    "option.text.lang.printChart": "打印图表",
    "option.tooltip.lang.printChart": "仅用于导出模块。打印图表菜单项的文本内容。",
    "option.text.lang.downloadPNG": "下载PNG",
    "option.tooltip.lang.downloadPNG": "仅用于导出模块。PNG下载菜单项的文本内容。",
    "option.text.lang.downloadJPEG": "下载JPEG",
    "option.tooltip.lang.downloadJPEG": "仅用于导出模块。JPEG下载菜单项的文本内容。",
    "option.text.lang.downloadPDF": "下载PDF",
    "option.tooltip.lang.downloadPDF": "仅用于导出模块。PDF下载菜单项的文本内容。",
    "option.text.lang.downloadSVG": "下载SVG",
    "option.tooltip.lang.downloadSVG": "仅用于导出模块。SVG下载菜单项的文本内容。",
    "option.text.lang.resetZoom": "重置缩放按钮",
    "option.tooltip.lang.resetZoom": "图表被缩放时展现的标签文本内容。",
    "option.text.credits.enabled": "启用著作权信息",
    "option.tooltip.credits.enabled": "是否显示著作权信息",
    "option.text.credits.text": "著作权信息",
    "option.tooltip.credits.text": "著作权标签文本内容。",
    "option.text.credits.href": "链接",
    "option.tooltip.credits.href": "著作权标签的URL"
}
